model,score
XGBoost,0.8722399606381641
MLP,0.8525844974198268
GradientBoosting,0.8692519183306366
RandomForest,0.8529529016055962
LogisticRegression,0.8253739544158705
